[{"content":"如果您尝试在电影中使用故障排除工具但已经有中文字幕，可能会被要求访问此文档页面。这可能是因为视频播放器中未启用字幕。本页面将指导您如何在 Jellyfin 中启用中文字幕。\n字幕格式 在本说明中，中文字幕将以以下形式出现：\n内嵌字幕 这些字幕已经嵌入到视频文件中。常见的格式包括：\nSubRip (.srt) Advanced SubStation Alpha 图形字幕格式 (.PGS) 一些视频已经包含中文字幕，并会显示为 Chinese (Simplified)。这些字幕通常只有一种语言。\n外部字幕 这些字幕是作为独立文件提供的，与视频分开。这些字幕需要手动下载。在大多数最新电影中，提供以下两种类型的中文字幕：\n多语言 (mul) - 中英文字幕 简体中文 (chi) - 中文字幕 要启用已存在的字幕，请按照以下步骤操作：\nJust Player Just Player 是 Android 上的默认播放器，因其兼容性和较少的崩溃而被选用。要启用字幕，请按照以下步骤操作：\n按下 遥控器 的 Center 键（稍后需要将其变为链接）以调出播放控制。 向下按两次。 按 Right 直到看到 Subtitles 图标。 在下拉菜单中选择所需的字幕。 按照教程更改字幕： 您的浏览器不支持 video 标签。 Jellyfin 内置播放器 稍后完成。\n报告问题 如果您无法看到字幕、添加字幕或认为 HTPC 故障排除工具存在错误，请使用以下表单联系我们（尚未实现）。\n报告字幕问题 在此报告字幕问题。\n","permalink":"https://htpc-troubleshooter-support-test.pages.dev/support/zh/posts/av/nozhsub/","summary":"如何为 Jellyfin 添加中文字幕。","title":"为 Jellyfin 添加中文字幕"},{"content":"CoreELEC 自动重启功能尚未实现\n如果您尝试播放 DoVi P7 FEL 导致错误代码，或者在播放某部电影时反复崩溃，您可能会被重定向到此页面。\nDoVi P7 FEL Dolby Vision Profile 7 Full Enhancement Layer（杜比视界第七代全增强层） 重启到 CoreELEC 要手动执行重启，请按照以下步骤操作：\n插入安装了 CoreELEC 的 USB 驱动器（见下图） 退出当前应用程序 找到应用程序 Reboot to CoreELEC 并按照说明操作（见下图） 自动重启 如果以上链接无效，请尝试 此链接\n如果两个链接都无效或返回 internal server error，则可能尚未实现。\n手动重启 您的浏览器不支持视频标签。 使用 CoreELEC CoreELEC 基于 Kodi，可以播放 Android 不支持的任何文件。首先，登录正确的账户。由于自动重启功能尚未实现，您需要手动找到您遇到问题的电影。\nAndroid TV 遥控器无法使用 在 CoreELEC 中，Android TV 遥控器无法使用，您需要使用三星电视遥控器或 Logitech K400 键盘（通过 USB 连接）来操作系统。有关所有遥控器的信息，请参见 此处。\n替代方案：使用笔记本电脑 Windows 和杜比视界 在 Windows 中，不支持杜比视界，任何 DoVi 文件无论是否为 P7 FEL 都会显示为普通 HDR。此外，HDR10+ 也不支持。这些文件最好在 CoreELEC 上播放。然而，如果您无法使用 CoreELEC 或更喜欢 Windows 的多功能性，可以使用笔记本电脑播放这些文件。\n稍后将实现。\n","permalink":"https://htpc-troubleshooter-support-test.pages.dev/support/zh/posts/tvbox/coreelec/","summary":"了解 CoreELEC 及其在紧急情况下的使用方法。","title":"CoreELEC 介绍"},{"content":"如果您在使用 Onkyo/Pioneer 接收器时遇到无声音问题，可能会被要求访问此文档页面。本页面将指导您解决该问题的过程。\n无声音/音量低 如果您遇到 Onkyo/Pioneer 接收器无声音或音量低的问题，请按照以下步骤解决：\n使用 Android TV 遥控器并按下 音量加 按钮。 如果该遥控器无法正常工作（这种情况可能经常发生），请使用 Onkyo/Pioneer 遥控器并按下 音量加 按钮。 蓝屏 如果您遇到蓝屏问题且 HTPC 故障排除工具无法修复，您将被重定向到此页面。请按照以下步骤解决问题。本指南假设您正在尝试修复 Problematics/Homatics Box R 4K Plus 的蓝屏问题，而非其他 HTPC 设备。\n拔下 Problematics Box R 4K Plus 的电源线。 立即将电源线重新插入设备。 完成这些步骤后，设备将输出画面。\n","permalink":"https://htpc-troubleshooter-support-test.pages.dev/support/zh/posts/av/onkyo/","summary":"如何修复 Onkyo/Pioneer 接收器无声音或蓝屏问题。","title":"Onkyo 音视频问题"},{"content":"本文将指导您修复 SmartTubeNext 在电视盒上无法运行的问题。常见错误包括 403 错误消息。请按照以下步骤解决问题。\n更新 SmartTubeNext 打开电视盒上的 SmartTubeNext 应用 进入 设置 菜单 选择 检查更新 如果有可用更新，请下载并安装 可选：禁用 Play Protect 以确保更新顺利安装。\n如果没有可用更新，请使用笔记本电脑并通过 HDMI 连接到 AVR 或电视观看 YouTube。\n","permalink":"https://htpc-troubleshooter-support-test.pages.dev/support/zh/posts/tvbox/youtube/","summary":"如何修复 YouTube 无法在电视盒上运行的问题。","title":"YouTube 无法在电视盒上运行 403"},{"content":"您可能是因为选择了网络缓冲作为您遇到的问题而被重定向到这里。由于 Android TV 的闭源性质，故障排除程序无法诊断或修复该问题。请按照以下步骤解决问题。\n本地播放 由于播放目前总是通过局域网进行，因此由于带宽不足而导致的缓冲很不可能发生。您可能误认为问题的原因是缓冲。\n开始加载媒体时间长 一些电影存储在大部分时间处于关闭状态的归档硬盘上以节省电力。硬盘需要旋转起来才能播放电影。这种类型的缓冲是正常行为，而不是网络问题。\n音频卡顿，视频冻结 对于某些媒体文件，特别是 DTS-HD MA 音频，您可能会遇到音频或视频冻结或卡顿。这是由于 Android 中的 Problematics Box R 4K Plus 无法修复的问题，网络带宽没有问题。如果这让您困扰，您可以尝试使用 CoreELEC 播放媒体，以获得无缝的播放体验。\n远程播放 这部分保留供将来使用。如果服务器移动到另一个位置并且远程播放时，可能会由于带宽不足而发生缓冲。然而，由于 Android TV 的闭源性质，故障排除程序无法诊断或修复该问题。但您可以尝试手动诊断。\n由于故障排除程序运行在与 Jellyfin 服务器相同的机器上，它将能够执行一些基本检查，以查看服务器是否可以从互联网访问以及网络带宽是否足够。运行以下测试以诊断问题。\n调试服务器上的互联网连接 尚未实现\n","permalink":"https://htpc-troubleshooter-support-test.pages.dev/support/zh/posts/av/networking/buffering/","summary":"如何解决媒体播放期间的网络缓冲问题。","title":"网络缓冲"},{"content":"在电视盒子上播放视频时，您可能会遇到显示“未经授权的播放”的错误消息。\n当您尝试在 Jellyfin 上播放视频但登录了错误的账户，并且所有者未提供指纹访问权限以授权播放时，会发生此错误。\n为防止此问题发生，请仔细检查播放历史记录。如果看起来不正确，您可能登录了错误的账户。当此错误出现时，系统会自动将您注销，您需要使用正确的账户重新登录。\u0026ndash;\n","permalink":"https://htpc-troubleshooter-support-test.pages.dev/support/zh/posts/tvbox/unauthorized/","summary":"如何修复电视盒子上的未经授权播放问题。","title":"未经授权的播放"},{"content":"下面是 Problematics Box R 4K Plus 遥控器的图片。该遥控器用于导航 Android TV 界面并控制电视音量。遥控器具有以下按钮：\nATV 遥控器 从左到右的顺序：\n电源按钮 输入源（未使用） 书签（未使用） Google 助理（不可用） 设置 导航键（上、下、左、右） 确认按钮 返回按钮 主屏幕按钮 电视按钮（未设置） 音量加/减 静音 频道加/减 YouTube 快捷键 Netflix 快捷键（不可用） Prime Video 快捷键（将打开 Jellyfin） 自定义按钮（未设置） 遥控器快捷键 Android TV 遥控器预定义了多个快捷键，便于快速访问应用程序。快捷键包括：\nYouTube Jellyfin（通过 Prime Video 访问） 其他遥控器 三星电视遥控器\n此遥控器用于打开三星电视并控制音量。如果 Problematics Box R 4K Plus 遥控器无法使用，可以尝试使用此遥控器打开电视以恢复电视盒。\n先锋 AVR 遥控器\n此遥控器是控制音响系统音量和其他声音设置的最可靠遥控器。如果其他遥控器无法通过 CEC 工作，请使用此遥控器。\n","permalink":"https://htpc-troubleshooter-support-test.pages.dev/support/zh/posts/tvbox/remote/","summary":"如何在 Android TV 和其他设备上使用遥控器。","title":"遥控器"},{"content":"欢迎阅读我使用 Hugo 和 PaperMod 主题的第一篇博文！\n介绍 这是一篇示例博文，展示如何为 Hugo 站点编写 markdown 内容。\n特点 简单：内容编写和管理都很容易。 快速：Hugo 优化了速度。 灵活：可以通过主题和插件自定义您的站点。 结论 感谢阅读我的第一篇博文。请继续关注更多更新！\nhugo server -D ","permalink":"https://htpc-troubleshooter-support-test.pages.dev/support/zh/posts/post/","summary":"\u003cp\u003e欢迎阅读我使用 Hugo 和 PaperMod 主题的第一篇博文！\u003c/p\u003e\n\u003ch2 id=\"介绍\"\u003e介绍\u003c/h2\u003e\n\u003cp\u003e这是一篇示例博文，展示如何为 Hugo 站点编写 markdown 内容。\u003c/p\u003e\n\u003ch2 id=\"特点\"\u003e特点\u003c/h2\u003e\n\u003cul\u003e\n\u003cli\u003e\u003cstrong\u003e简单\u003c/strong\u003e：内容编写和管理都很容易。\u003c/li\u003e\n\u003cli\u003e\u003cstrong\u003e快速\u003c/strong\u003e：Hugo 优化了速度。\u003c/li\u003e\n\u003cli\u003e\u003cstrong\u003e灵活\u003c/strong\u003e：可以通过主题和插件自定义您的站点。\u003c/li\u003e\n\u003c/ul\u003e\n\u003ch2 id=\"结论\"\u003e结论\u003c/h2\u003e\n\u003cp\u003e感谢阅读我的第一篇博文。请继续关注更多更新！\u003c/p\u003e\n\u003cdiv class=\"highlight\"\u003e\u003cpre tabindex=\"0\" style=\"color:#f8f8f2;background-color:#272822;-moz-tab-size:4;-o-tab-size:4;tab-size:4;\"\u003e\u003ccode class=\"language-bash\" data-lang=\"bash\"\u003e\u003cspan style=\"display:flex;\"\u003e\u003cspan\u003ehugo server -D\n\u003c/span\u003e\u003c/span\u003e\u003c/code\u003e\u003c/pre\u003e\u003c/div\u003e","title":"我的第一篇 Hugo 博文"}]