<?xml version="1.0" encoding="utf-8" standalone="yes"?>
<rss version="2.0" xmlns:atom="http://www.w3.org/2005/Atom" xmlns:content="http://purl.org/rss/1.0/modules/content/">
  <channel>
    <title>Example on HTPC Troubleshooter Support</title>
    <link>https://htpc-troubleshooter-support-test.pages.dev/support/tags/example/</link>
    <description>Recent content in Example on HTPC Troubleshooter Support</description>
    <generator>Hugo -- 0.145.0</generator>
    <language>en</language>
    <lastBuildDate>Thu, 05 Oct 2023 12:00:00 +0000</lastBuildDate>
    <atom:link href="https://htpc-troubleshooter-support-test.pages.dev/support/tags/example/index.xml" rel="self" type="application/rss+xml" />
    <item>
      <title>Notes about settings up this webpage</title>
      <link>https://htpc-troubleshooter-support-test.pages.dev/support/posts/post/</link>
      <pubDate>Thu, 05 Oct 2023 12:00:00 +0000</pubDate>
      <guid>https://htpc-troubleshooter-support-test.pages.dev/support/posts/post/</guid>
      <description>&lt;p&gt;This is documentation on how to setup and run this webpage.&lt;/p&gt;
&lt;h2 id=&#34;introduction&#34;&gt;Introduction&lt;/h2&gt;
&lt;p&gt;Download Hugo.
&lt;a href=&#34;https://gohugo.io/installation/&#34;&gt;https://gohugo.io/installation/&lt;/a&gt;&lt;/p&gt;
&lt;p&gt;The page will reside in &lt;code&gt;support&lt;/code&gt; subpath which will be bundled by FastAPI.&lt;/p&gt;
&lt;p&gt;Building the page&lt;/p&gt;
&lt;div class=&#34;highlight&#34;&gt;&lt;pre tabindex=&#34;0&#34; style=&#34;color:#f8f8f2;background-color:#272822;-moz-tab-size:4;-o-tab-size:4;tab-size:4;&#34;&gt;&lt;code class=&#34;language-bash&#34; data-lang=&#34;bash&#34;&gt;&lt;span style=&#34;display:flex;&#34;&gt;&lt;span&gt;hugo serve --bind 0.0.0.0 --baseURL&lt;span style=&#34;color:#f92672&#34;&gt;=&lt;/span&gt;http://10.10.120.191:1313/support --disableFastRender
&lt;/span&gt;&lt;/span&gt;&lt;/code&gt;&lt;/pre&gt;&lt;/div&gt;&lt;div class=&#34;highlight&#34;&gt;&lt;pre tabindex=&#34;0&#34; style=&#34;color:#f8f8f2;background-color:#272822;-moz-tab-size:4;-o-tab-size:4;tab-size:4;&#34;&gt;&lt;code class=&#34;language-bash&#34; data-lang=&#34;bash&#34;&gt;&lt;span style=&#34;display:flex;&#34;&gt;&lt;span&gt;hugo build --baseURL&lt;span style=&#34;color:#f92672&#34;&gt;=&lt;/span&gt;http://&lt;span style=&#34;color:#e6db74&#34;&gt;${&lt;/span&gt;HOST&lt;span style=&#34;color:#e6db74&#34;&gt;}&lt;/span&gt;:&lt;span style=&#34;color:#e6db74&#34;&gt;${&lt;/span&gt;PORT&lt;span style=&#34;color:#e6db74&#34;&gt;}&lt;/span&gt;/support -d ../support
&lt;/span&gt;&lt;/span&gt;&lt;/code&gt;&lt;/pre&gt;&lt;/div&gt;&lt;h2 id=&#34;features&#34;&gt;Features&lt;/h2&gt;
&lt;ul&gt;
&lt;li&gt;&lt;strong&gt;Simple&lt;/strong&gt;: Easy to write and manage content.&lt;/li&gt;
&lt;li&gt;&lt;strong&gt;Fast&lt;/strong&gt;: Hugo is optimized for speed.&lt;/li&gt;
&lt;li&gt;&lt;strong&gt;Flexible&lt;/strong&gt;: Customize your site with themes and plugins.&lt;/li&gt;
&lt;/ul&gt;
&lt;h2 id=&#34;conclusion&#34;&gt;Conclusion&lt;/h2&gt;
&lt;p&gt;Thank you for reading my first post. Stay tuned for more updates!&lt;/p&gt;</description>
    </item>
  </channel>
</rss>
