<?xml version="1.0" encoding="utf-8" standalone="yes"?>
<rss version="2.0" xmlns:atom="http://www.w3.org/2005/Atom" xmlns:content="http://purl.org/rss/1.0/modules/content/">
  <channel>
    <title>Tags on HTPC Troubleshooter Support</title>
    <link>https://htpc-troubleshooter-support-test.pages.dev/support/tags/</link>
    <description>Recent content in Tags on HTPC Troubleshooter Support</description>
    <generator>Hugo -- 0.145.0</generator>
    <language>en</language>
    <lastBuildDate>Thu, 05 Oct 2023 12:00:00 +0000</lastBuildDate>
    <atom:link href="https://htpc-troubleshooter-support-test.pages.dev/support/tags/index.xml" rel="self" type="application/rss+xml" />
    <item>
      <title>Example</title>
      <link>https://htpc-troubleshooter-support-test.pages.dev/support/tags/example/</link>
      <pubDate>Thu, 05 Oct 2023 12:00:00 +0000</pubDate>
      <guid>https://htpc-troubleshooter-support-test.pages.dev/support/tags/example/</guid>
      <description></description>
    </item>
    <item>
      <title>Hugo</title>
      <link>https://htpc-troubleshooter-support-test.pages.dev/support/tags/hugo/</link>
      <pubDate>Thu, 05 Oct 2023 12:00:00 +0000</pubDate>
      <guid>https://htpc-troubleshooter-support-test.pages.dev/support/tags/hugo/</guid>
      <description></description>
    </item>
    <item>
      <title>Markdown</title>
      <link>https://htpc-troubleshooter-support-test.pages.dev/support/tags/markdown/</link>
      <pubDate>Thu, 05 Oct 2023 12:00:00 +0000</pubDate>
      <guid>https://htpc-troubleshooter-support-test.pages.dev/support/tags/markdown/</guid>
      <description></description>
    </item>
  </channel>
</rss>
