<?xml version="1.0" encoding="utf-8" standalone="yes"?>
<rss version="2.0" xmlns:atom="http://www.w3.org/2005/Atom" xmlns:content="http://purl.org/rss/1.0/modules/content/">
  <channel>
    <title>General on HTPC Troubleshooter Support</title>
    <link>https://htpc-troubleshooter-support-test.pages.dev/support/posts/general/</link>
    <description>Recent content in General on HTPC Troubleshooter Support</description>
    <generator>Hugo -- 0.145.0</generator>
    <language>en</language>
    <lastBuildDate>Mon, 27 Jan 2025 00:00:00 +0000</lastBuildDate>
    <atom:link href="https://htpc-troubleshooter-support-test.pages.dev/support/posts/general/index.xml" rel="self" type="application/rss+xml" />
    <item>
      <title>Welcome to HTPC Documentation!</title>
      <link>https://htpc-troubleshooter-support-test.pages.dev/support/posts/general/help/</link>
      <pubDate>Mon, 27 Jan 2025 00:00:00 +0000</pubDate>
      <guid>https://htpc-troubleshooter-support-test.pages.dev/support/posts/general/help/</guid>
      <description>中文版本在 /zh/ 中</description>
    </item>
  </channel>
</rss>
