[{"content":" For Chinese Version of the Documentation 中文版本的文档 The Chinese version of the documentation can be found here.\n中文版本的文档可以在这里找到。\nWelcome to HTPC Documentation! This documentation is designed to help you navigate and use the HTPC website.\nTo use the search feature, you can find it on the top right corner of the page. Alternatively, you can use this link:\nSearch\nTo be continued\u0026hellip;\n","permalink":"https://htpc-troubleshooter-support-test.pages.dev/support/posts/general/help/","summary":"中文版本在 /zh/ 中","title":"Welcome to HTPC Documentation!"},{"content":"You may be asked to visit this documentation page if you tried to use the troubleshooter on a movie that already have Chinese subtitles. It is likely the subtitle is not enabled in the video player. This page will guide you through the process of enabling Chinese subtitles in Jellyfin.\nSubtitle Formats For the purpose of documentation, the Chinese subtitles will come in the following forms\nInternal Subtitles These are subtitles that are already embedded in the video file. There are several formats such as\nSubRip (.srt) Advanced SubStation Alpha Graphic Subtitle Format (.PGS) Some of the videos already have Chinese subtitles, and it will be displayed as Chinese (Simplified). These subtitles usually have only one language.\nExternal Subtitles These are subtitles that are provided as separate files from the video. These are downloaded manually. In most up to date movies, 2 types of Chinese subtitles are provided\nMultiple languages (mul) - 中英文字幕 Simplified Chinese (chi) - 中文字幕 To enable the subtitles that are already present, follow the steps below\nJust Player Just Player is the default player on Android due to its compatibility and lesser crashes. To enable the subtitles, follow the steps below\nPress Center on the remote (need to make into a link later) to bring up the playback controls Press Down twice Press Right until you see Subtitles icon Under the dropdown, choose the desired subtitles Follow the tutorial to change the subtitles Your browser does not support the video tag. Jellyfin Internal Player Todo later.\nReport Issues If you are unable to see the subtitles, add subtitles or believe the HTPC troubleshooter has made an mistake, please contact using the form below (not implemented yet)\nReport Subtitle Issue Report subtitle issues here.\n","permalink":"https://htpc-troubleshooter-support-test.pages.dev/support/posts/av/nozhsub/","summary":"How to add Chinese subtitles to Jellyfin.","title":"Adding Chinese Subtitles to Jellyfin"},{"content":"CoreELEC Automatic Reboot is not implemented yet\nYou are likely redirected to this page if you\u0026rsquo;re trying to play DoVi P7 FEL which results in error code, or having repeated crashes on a specific movie.\nDoVi P7 FEL Dolby Vision Profile 7 Full Enhancement Layer Reboot to CoreELEC To perform the reboot manually, follow the steps below\nInsert the USB drive with CoreELEC installed (see image below) Exit the current application Locate the app Reboot to CoreELEC and follow the instructions (see image below) Reboot Automatically If the link above doesn\u0026rsquo;t work, try this\nIf neither links work or returns internal server error, it\u0026rsquo;s likely not implemented yet.\nManual Reboot Your browser does not support the video tag. y\nUsing CoreELEC CoreELEC is based on Kodi, it will be play to playback any files that are not supported on Android. First, login to the correct account. Since the automatic reboot is not implemented yet, you will need to find the movie that you are having problem with manually.\nAndroid TV Remote does not work In CoreELEC, the Android TV remote will not work, you\u0026rsquo;ll need to use the Samsung TV Remote or the Logitech K400 keyboard (connect it via USB) to navigate the system. See here for all the remotes.\nAlternative: Use a laptop Windows and Dolby Vision In Windows, Dolby Vision is not supported, and any DoVi files regardless of P7 FEL or not will be displayed as regular HDR. Additionally, HDR10+ is not also not supported. These files are best played on CoreELEC. However, if you are unable to use CoreELEC or prefer the versatility of Windows, you can use a laptop to play the files.\nWill be implemented later.\n","permalink":"https://htpc-troubleshooter-support-test.pages.dev/support/posts/tvbox/coreelec/","summary":"Learn about CoreELEC and how to use it in emergency situations.","title":"CoreELEC Introduction"},{"content":"You are likely redirected here because you selected network buffering as the issue you are experiencing. Due to the closed source nature of Android TV, the troubleshooter is not able to diagnose or fix the issue. Follow the steps below to fix the issue.\nLocal Playback Since the playback will always occur over the LAN for now, buffering due to lack of bandwidth is very unlikely to occur. You may have been mistaken the cause of the issue.\nLong Time to Load Media in the Beginning Some movies are stored on the archival HDD which is kept spun down most of the time to save power. The HDD will need to spin up before the movie can be played. This type of buffering normal behavior and not a network issue.\nAudio Stutter, Video Freeze For some media files, specifically DTS-HD MA audio, it\u0026rsquo;s likely you\u0026rsquo;ll experience audio or video freezing or stuttering. This is due to the Problematics Box R 4K Plus in Android and it\u0026rsquo;s impossible to fix, there is nothing wrong with the network bandwidth. If this is bothering you, you can try to play the media using CoreELEC for a flawless playback experience.\nRemote Playback This is reserved for future use. In case when the server is moved to another location and the playback is done remotely, buffering may occur due to the lack of bandwidth. However, due to the closed source nature of Android TV, the troubleshooter is not able to diagnose or fix the issue. But you can try to diagnose manually.\nSince the troubleshooter runs on the same machine as the Jellyfin server, it will be able to perform some basic checks to see if the server is reachable from the internet and the network bandwidth is sufficient. Run the tests below to diagnose the issue.\nDebug Internet Connection on Server NOT IMPLEMENTED YET\n","permalink":"https://htpc-troubleshooter-support-test.pages.dev/support/posts/av/networking/buffering/","summary":"How to network buffering issues on your during media playback.","title":"Network Buffering"},{"content":"You may be asked to visit this documentation page if you are experiencing issues with no sound on your Onkyo/Pioneer receiver. This page will guide you through the process of fixing the issue.\nNo Sound/Low Volume If you are experiencing no sound or low volume on your Onkyo/Pioneer receiver, follow the steps below to fix the issue.\nUse the Android TV remote and press the Volume Up button If that remote is not working (which could frequently occur), use the Onkyo/Pioneer remote and press the Volume Up button Bluescreen If you experience bluescreen and the HTPC troubleshooter is unable to fix it, you\u0026rsquo;ll be redirect here. Follow the steps below to fix the issue. This assumes you\u0026rsquo;re trying to fix the bluescreen problem with the Problematics/Homatics Box R 4K Plus not other HTPC devices.\nRemove the power cord from Problematics Box R 4K Plus Immediately insert the power cord back into the device After these steps, the box will output a picture.\n","permalink":"https://htpc-troubleshooter-support-test.pages.dev/support/posts/av/onkyo/","summary":"How to fix issues with no sound or bluescreen on Onkyo/Pioneer receivers.","title":"Onkyo Audio Video Problems"},{"content":"Below is an image of the Problematics Box R 4K Plus remote control. The remote control is used to navigate the Android TV interface and control the volume of the TV. The remote control has the following buttons:\nATV Remote Order from left to right:\nPower button Input Source (not used) Bookmark (not used) Google Assistant (not working) Settings Wheels (up, down, left, right) OK button Back button Home button TV Button (not setup) Volume Up/Down Mute Channel Up/Down YouTube shortcut Netflix shortcut (not working) Prime Video shortcut (will open Jellyfin) Custom button (not setup) Remote Shortcuts The Android TV remote has several shortcuts pre-defined for easy access to apps. The shortcuts are:\nYouTube Jellyfin (access via Prime Video) Additional Remotes Samsung TV Remote\nThis remote is used to turn on the Samsung TV and control the volume. If the Problematics Box R 4K Plus remote is not working, turning the TV on using this remote could revive the TV Box.\nPioneer AVR Remote\nThis remote is the most reliable remote to control the volume of the sound system and additional sound settings. Use this if other remotes are not working with CEC.\n","permalink":"https://htpc-troubleshooter-support-test.pages.dev/support/posts/tvbox/remote/","summary":"How to use the remote control on Android TV and other devices.","title":"Remote Control"},{"content":"When playing a video on your TV Box, you may encounter an error message that says Unauthorized Playback.\nThis error occurs when you\u0026rsquo;re trying to play a video on Jellyfin but are logged into the wrong account and the owner did not provide fingerprint access to authorize playback.\nTo prevent this issue from happening, please use your brain and check the playback history. If it looks incorrect, you might be logged into the wrong account. When this error shows up, the system will automatically log you out, and you\u0026rsquo;ll need to log back in with the correct account.\n","permalink":"https://htpc-troubleshooter-support-test.pages.dev/support/posts/tvbox/unauthorized/","summary":"How to fix unauthorized playback on your TV Box.","title":"Unauthorized Playback"},{"content":"This post will guide you through the process of fixing SmartTubeNext not working on your TV Box. The common error include a 403 error message. Follow the steps below to fix the issue.\nUpdate SmartTubeNext Open the SmartTubeNext app on your TV Box Navigate to the Settings menu Select Check for Updates If an update is available, download and install it Optional: disable play protect to ensure seamless installation of the update.\nIf there are not updates available, please use a laptop and connect to the AVR or TV via HDMI to watch YouTube.\n","permalink":"https://htpc-troubleshooter-support-test.pages.dev/support/posts/tvbox/youtube/","summary":"How to fix YouTube not working on TV Box.","title":"YouTube Not Working on TV Box 403"},{"content":"This is documentation on how to setup and run this webpage.\nIntroduction Download Hugo. https://gohugo.io/installation/\nThe page will reside in support subpath which will be bundled by FastAPI.\nBuilding the page\nhugo serve --bind 0.0.0.0 --baseURL=http://10.10.120.191:1313/support --disableFastRender hugo build --baseURL=http://${HOST}:${PORT}/support -d ../support Features Simple: Easy to write and manage content. Fast: Hugo is optimized for speed. Flexible: Customize your site with themes and plugins. Conclusion Thank you for reading my first post. Stay tuned for more updates!\nhugo server -D ","permalink":"https://htpc-troubleshooter-support-test.pages.dev/support/posts/post/","summary":"\u003cp\u003eThis is documentation on how to setup and run this webpage.\u003c/p\u003e\n\u003ch2 id=\"introduction\"\u003eIntroduction\u003c/h2\u003e\n\u003cp\u003eDownload Hugo.\n\u003ca href=\"https://gohugo.io/installation/\"\u003ehttps://gohugo.io/installation/\u003c/a\u003e\u003c/p\u003e\n\u003cp\u003eThe page will reside in \u003ccode\u003esupport\u003c/code\u003e subpath which will be bundled by FastAPI.\u003c/p\u003e\n\u003cp\u003eBuilding the page\u003c/p\u003e\n\u003cdiv class=\"highlight\"\u003e\u003cpre tabindex=\"0\" style=\"color:#f8f8f2;background-color:#272822;-moz-tab-size:4;-o-tab-size:4;tab-size:4;\"\u003e\u003ccode class=\"language-bash\" data-lang=\"bash\"\u003e\u003cspan style=\"display:flex;\"\u003e\u003cspan\u003ehugo serve --bind 0.0.0.0 --baseURL\u003cspan style=\"color:#f92672\"\u003e=\u003c/span\u003ehttp://10.10.120.191:1313/support --disableFastRender\n\u003c/span\u003e\u003c/span\u003e\u003c/code\u003e\u003c/pre\u003e\u003c/div\u003e\u003cdiv class=\"highlight\"\u003e\u003cpre tabindex=\"0\" style=\"color:#f8f8f2;background-color:#272822;-moz-tab-size:4;-o-tab-size:4;tab-size:4;\"\u003e\u003ccode class=\"language-bash\" data-lang=\"bash\"\u003e\u003cspan style=\"display:flex;\"\u003e\u003cspan\u003ehugo build --baseURL\u003cspan style=\"color:#f92672\"\u003e=\u003c/span\u003ehttp://\u003cspan style=\"color:#e6db74\"\u003e${\u003c/span\u003eHOST\u003cspan style=\"color:#e6db74\"\u003e}\u003c/span\u003e:\u003cspan style=\"color:#e6db74\"\u003e${\u003c/span\u003ePORT\u003cspan style=\"color:#e6db74\"\u003e}\u003c/span\u003e/support -d ../support\n\u003c/span\u003e\u003c/span\u003e\u003c/code\u003e\u003c/pre\u003e\u003c/div\u003e\u003ch2 id=\"features\"\u003eFeatures\u003c/h2\u003e\n\u003cul\u003e\n\u003cli\u003e\u003cstrong\u003eSimple\u003c/strong\u003e: Easy to write and manage content.\u003c/li\u003e\n\u003cli\u003e\u003cstrong\u003eFast\u003c/strong\u003e: Hugo is optimized for speed.\u003c/li\u003e\n\u003cli\u003e\u003cstrong\u003eFlexible\u003c/strong\u003e: Customize your site with themes and plugins.\u003c/li\u003e\n\u003c/ul\u003e\n\u003ch2 id=\"conclusion\"\u003eConclusion\u003c/h2\u003e\n\u003cp\u003eThank you for reading my first post. Stay tuned for more updates!\u003c/p\u003e","title":"Notes about settings up this webpage"}]