<?xml version="1.0" encoding="utf-8" standalone="yes"?>
<rss version="2.0" xmlns:atom="http://www.w3.org/2005/Atom" xmlns:content="http://purl.org/rss/1.0/modules/content/">
  <channel>
    <title>Hugo on HTPC Troubleshooter Support</title>
    <link>https://htpc-troubleshooter-support-test.pages.dev/support/zh/tags/hugo/</link>
    <description>Recent content in Hugo on HTPC Troubleshooter Support</description>
    <generator>Hugo -- 0.145.0</generator>
    <language>zh</language>
    <lastBuildDate>Thu, 05 Oct 2023 12:00:00 +0000</lastBuildDate>
    <atom:link href="https://htpc-troubleshooter-support-test.pages.dev/support/zh/tags/hugo/index.xml" rel="self" type="application/rss+xml" />
    <item>
      <title>我的第一篇 Hugo 博文</title>
      <link>https://htpc-troubleshooter-support-test.pages.dev/support/zh/posts/post/</link>
      <pubDate>Thu, 05 Oct 2023 12:00:00 +0000</pubDate>
      <guid>https://htpc-troubleshooter-support-test.pages.dev/support/zh/posts/post/</guid>
      <description>&lt;p&gt;欢迎阅读我使用 Hugo 和 PaperMod 主题的第一篇博文！&lt;/p&gt;
&lt;h2 id=&#34;介绍&#34;&gt;介绍&lt;/h2&gt;
&lt;p&gt;这是一篇示例博文，展示如何为 Hugo 站点编写 markdown 内容。&lt;/p&gt;
&lt;h2 id=&#34;特点&#34;&gt;特点&lt;/h2&gt;
&lt;ul&gt;
&lt;li&gt;&lt;strong&gt;简单&lt;/strong&gt;：内容编写和管理都很容易。&lt;/li&gt;
&lt;li&gt;&lt;strong&gt;快速&lt;/strong&gt;：Hugo 优化了速度。&lt;/li&gt;
&lt;li&gt;&lt;strong&gt;灵活&lt;/strong&gt;：可以通过主题和插件自定义您的站点。&lt;/li&gt;
&lt;/ul&gt;
&lt;h2 id=&#34;结论&#34;&gt;结论&lt;/h2&gt;
&lt;p&gt;感谢阅读我的第一篇博文。请继续关注更多更新！&lt;/p&gt;
&lt;div class=&#34;highlight&#34;&gt;&lt;pre tabindex=&#34;0&#34; style=&#34;color:#f8f8f2;background-color:#272822;-moz-tab-size:4;-o-tab-size:4;tab-size:4;&#34;&gt;&lt;code class=&#34;language-bash&#34; data-lang=&#34;bash&#34;&gt;&lt;span style=&#34;display:flex;&#34;&gt;&lt;span&gt;hugo server -D
&lt;/span&gt;&lt;/span&gt;&lt;/code&gt;&lt;/pre&gt;&lt;/div&gt;</description>
    </item>
  </channel>
</rss>
