<?xml version="1.0" encoding="utf-8" standalone="yes"?>
<rss version="2.0" xmlns:atom="http://www.w3.org/2005/Atom" xmlns:content="http://purl.org/rss/1.0/modules/content/">
  <channel>
    <title>General on HTPC Troubleshooter Support</title>
    <link>https://htpc-troubleshooter-support-test.pages.dev/support/zh/posts/general/</link>
    <description>Recent content in General on HTPC Troubleshooter Support</description>
    <generator>Hugo -- 0.145.0</generator>
    <language>zh</language>
    <atom:link href="https://htpc-troubleshooter-support-test.pages.dev/support/zh/posts/general/index.xml" rel="self" type="application/rss+xml" />
  </channel>
</rss>
